{
  "accuracy": 0.7457627118644068,
  "f1_macro": 0.6695190543614421,
  "classification_report": {
    "Graduate": {
      "precision": 0.8176795580110497,
      "recall": 0.8505747126436781,
      "f1-score": 0.8338028169014085,
      "support": 174.0
    },
    "Enrolled": {
      "precision": 0.5116279069767442,
      "recall": 0.3384615384615385,
      "f1-score": 0.4074074074074074,
      "support": 65.0
    },
    "Dropout": {
      "precision": 0.7230769230769231,
      "recall": 0.8173913043478261,
      "f1-score": 0.7673469387755102,
      "support": 115.0
    },
    "accuracy": 0.7457627118644068,
    "macro avg": {
      "precision": 0.6841281293549057,
      "recall": 0.6688091851510142,
      "f1-score": 0.6695190543614421,
      "support": 354.0
    },
    "weighted avg": {
      "precision": 0.7307511389866023,
      "recall": 0.7457627118644068,
      "f1-score": 0.7339211005127407,
      "support": 354.0
    }
  }
}