{"total_input_rows": 412, "eligible_rows": 408, "gross_non_null_ratio": 0.8300970873786407, "score_min": 0.4788994253023319, "score_max": 0.8270394926973994}