{
  "accuracy": 0.7457627118644068,
  "f1_macro": 0.6663734843366332,
  "classification_report": {
    "Graduate": {
      "precision": 0.8097826086956522,
      "recall": 0.8563218390804598,
      "f1-score": 0.8324022346368715,
      "support": 174.0
    },
    "Enrolled": {
      "precision": 0.5121951219512195,
      "recall": 0.3230769230769231,
      "f1-score": 0.39622641509433965,
      "support": 65.0
    },
    "Dropout": {
      "precision": 0.7286821705426356,
      "recall": 0.8173913043478261,
      "f1-score": 0.7704918032786885,
      "support": 115.0
    },
    "accuracy": 0.7457627118644068,
    "macro avg": {
      "precision": 0.6835533003965025,
      "recall": 0.6655966888350697,
      "f1-score": 0.6663734843366332,
      "support": 354.0
    },
    "weighted avg": {
      "precision": 0.7287946509951296,
      "recall": 0.7457627118644068,
      "f1-score": 0.7322013084321946,
      "support": 354.0
    }
  }
}