Department,Headcount,MeritPool,AvgMeritPct,Promotions
Human Resources,27,16868.73,0.09866692434549577,1
Research & Development,365,230842.5,0.10389054445094649,29
Sales,196,132645.7,0.09946232823470862,22
