{
  "accuracy": 0.7429378531073446,
  "f1_macro": 0.6561287167534681,
  "classification_report": {
    "Graduate": {
      "precision": 0.8108108108108109,
      "recall": 0.8620689655172413,
      "f1-score": 0.8356545961002786,
      "support": 174.0
    },
    "Enrolled": {
      "precision": 0.48717948717948717,
      "recall": 0.2923076923076923,
      "f1-score": 0.36538461538461536,
      "support": 65.0
    },
    "Dropout": {
      "precision": 0.7230769230769231,
      "recall": 0.8173913043478261,
      "f1-score": 0.7673469387755102,
      "support": 115.0
    },
    "accuracy": 0.7429378531073446,
    "macro avg": {
      "precision": 0.6736890736890736,
      "recall": 0.65725598739092,
      "f1-score": 0.6561287167534681,
      "support": 354.0
    },
    "weighted avg": {
      "precision": 0.7228858584790788,
      "recall": 0.7429378531073446,
      "f1-score": 0.7271152476854015,
      "support": 354.0
    }
  }
}