{
  "sleep_duration_quality": {
    "pearson_corr": 0.8952518458117777,
    "short_sleep_mean_quality": 5.0,
    "long_sleep_mean_quality": 9.0
  },
  "steps_vs_pa": {
    "pearson_corr": -0.09045529785496322,
    "spearman_corr": 0.5837225929780324,
    "top_pa_mean_steps": 57970.58823529412,
    "bottom_pa_mean_steps": 103073.33333333333,
    "pa60_prop_steps7000": 0.9186046511627907
  },
  "sleep_disorder_distribution": {
    "prop_non_null": 0.41333333333333333,
    "p_insomnia_within_non_null": 0.4838709677419355,
    "p_apnea_within_non_null": 0.5161290322580645
  },
  "heart_rate": {
    "midband_prop_50_100": 1.0
  }
}