{"total_input_rows": 400, "eligible_rows": 376, "gross_non_null_ratio": 0.835, "score_min": 0.4788994253023319, "score_max": 0.8270394926973994}