{"threshold": 0.15091108597285066, "alert_budget_share": 0.5248868778280543, "total_records": 1768, "alerts_emitted": 928, "graduate_ratio": 0.4751131221719457, "mean_risk_score": 0.24490068598215683}