{"total_input_rows": 400, "eligible_rows": 322, "gross_non_null_ratio": 0.835, "score_min": 0.483158328705633, "score_max": 0.8270394926973994}