{
  "accuracy": 0.748587570621469,
  "f1_macro": 0.6698133077957987,
  "classification_report": {
    "Graduate": {
      "precision": 0.8054054054054054,
      "recall": 0.8563218390804598,
      "f1-score": 0.83008356545961,
      "support": 174.0
    },
    "Enrolled": {
      "precision": 0.5384615384615384,
      "recall": 0.3230769230769231,
      "f1-score": 0.40384615384615385,
      "support": 65.0
    },
    "Dropout": {
      "precision": 0.7307692307692307,
      "recall": 0.8260869565217391,
      "f1-score": 0.7755102040816326,
      "support": 115.0
    },
    "accuracy": 0.748587570621469,
    "macro avg": {
      "precision": 0.6915453915453916,
      "recall": 0.6684952395597074,
      "f1-score": 0.6698133077957987,
      "support": 354.0
    },
    "weighted avg": {
      "precision": 0.7321440736694974,
      "recall": 0.748587570621469,
      "f1-score": 0.7340909996027116,
      "support": 354.0
    }
  }
}