{"n_employees": 588, "overall_attrition_rate": 0.13435374149659865, "high_risk_threshold": 0.2687074829931973, "high_risk_count": 512, "medium_risk_count": 39, "low_risk_count": 37, "upto5k_share": 0.47959183673469385, "age_26_35_share": 0.4268707482993197}