{
  "num_records": 1768,
  "pct_paid_up": 0.7867647058823529,
  "pct_debtor": 0.10690045248868778,
  "pct_domestic": 0.9722850678733032,
  "avg_risk_score": 0.26832711462591646,
  "high_risk_count": 174,
  "medium_risk_count": 333,
  "low_risk_count": 1261
}