{
  "base_attrition_rate": 0.1292517006802721,
  "overtime_attrition_rate": {
    "Yes": 0.2545454545454545,
    "No": 0.07868020304568528
  },
  "age_group_attrition_rate": {
    "18-25": 0.3,
    "26-35": 0.16334661354581673,
    "36-45": 0.055865921787709494,
    "46-55": 0.09375,
    "55+": 0.18181818181818182
  },
  "salary_slab_attrition_rate": {
    "10k-15k": 0.06666666666666667,
    "15k+": 0.04838709677419355,
    "5k-10k": 0.10326086956521739,
    "Upto 5k": 0.1773049645390071
  },
  "department_attrition_rate": {
    "Human Resources": 0.14814814814814814,
    "Research & Development": 0.10136986301369863,
    "Sales": 0.17857142857142858
  }
}