{
  "accuracy": 0.748587570621469,
  "f1_macro": 0.6730117101740855,
  "classification_report": {
    "Graduate": {
      "precision": 0.8087431693989071,
      "recall": 0.8505747126436781,
      "f1-score": 0.8291316526610645,
      "support": 174.0
    },
    "Enrolled": {
      "precision": 0.5238095238095238,
      "recall": 0.3384615384615385,
      "f1-score": 0.411214953271028,
      "support": 65.0
    },
    "Dropout": {
      "precision": 0.7364341085271318,
      "recall": 0.8260869565217391,
      "f1-score": 0.7786885245901639,
      "support": 115.0
    },
    "accuracy": 0.748587570621469,
    "macro avg": {
      "precision": 0.6896622672451875,
      "recall": 0.6717077358756519,
      "f1-score": 0.6730117101740855,
      "support": 354.0
    },
    "weighted avg": {
      "precision": 0.7329346130046583,
      "recall": 0.748587570621469,
      "f1-score": 0.7360086436539854,
      "support": 354.0
    }
  }
}