{
  "num_records": 1768,
  "pct_paid_up": 0.8710407239819005,
  "pct_debtor": 0.10690045248868778,
  "pct_domestic": 0.9722850678733032,
  "avg_risk_score": 0.2680977187722986,
  "high_risk_count": 182,
  "medium_risk_count": 325,
  "low_risk_count": 1261
}