{
  "sleep_duration_quality": {
    "pearson_corr": 0.8997303673081966,
    "short_sleep_mean_quality": 5.0,
    "long_sleep_mean_quality": 9.0
  },
  "steps_vs_pa": {
    "pearson_corr": 0.7296706933593359,
    "spearman_corr": 0.7572557661081557,
    "top_pa_mean_steps": 8082.35294117647,
    "bottom_pa_mean_steps": 5558.333333333333,
    "pa60_prop_steps7000": 0.8953488372093024
  },
  "sleep_disorder_distribution": {
    "prop_non_null": 0.41333333333333333,
    "p_insomnia_within_non_null": 0.4838709677419355,
    "p_apnea_within_non_null": 0.5161290322580645
  },
  "heart_rate": {
    "midband_prop_50_100": 1.0
  }
}