{
  "accuracy": 0.7401129943502824,
  "f1_macro": 0.6583716540619973,
  "classification_report": {
    "Graduate": {
      "precision": 0.8043478260869565,
      "recall": 0.8505747126436781,
      "f1-score": 0.8268156424581006,
      "support": 174.0
    },
    "Enrolled": {
      "precision": 0.5,
      "recall": 0.3076923076923077,
      "f1-score": 0.38095238095238093,
      "support": 65.0
    },
    "Dropout": {
      "precision": 0.7230769230769231,
      "recall": 0.8173913043478261,
      "f1-score": 0.7673469387755102,
      "support": 115.0
    },
    "accuracy": 0.7401129943502824,
    "macro avg": {
      "precision": 0.6758082497212933,
      "recall": 0.658552774894604,
      "f1-score": 0.6583716540619973,
      "support": 354.0
    },
    "weighted avg": {
      "precision": 0.7220631861383519,
      "recall": 0.7401129943502824,
      "f1-score": 0.7256291652790903,
      "support": 354.0
    }
  }
}