Department,Headcount,MeritPool,AvgMeritPct,Promotions
Human Resources,27,17008.2,0.09922247990105133,1
Research & Development,365,232453.65,0.10434807869752183,29
Sales,196,133395.85,0.09984498129593311,22
