{
  "Raiders of the Lost Ark (1981)": 336.468213,
  "Mononoke-hime (1997)": 336.415551,
  "The Great Dictator (1940)": 336.291528,
  "Andhadhun (2018)": 332.446576,
  "Shutter Island (2010)": 328.463454,
  "Monty Python and the Holy Grail (1975)": 328.373387,
  "Contratiempo (2016)": 324.536493,
  "12 Years a Slave (2013)": 324.47668,
  "Le samouraï (1967)": 324.371373,
  "Jungfrukällan (1960)": 324.333243,
  "The Imitation Game (2014)": 320.542509,
  "Vizontele (2001)": 320.512778,
  "Le scaphandre et le papillon (2007)": 320.512077,
  "The Wizard of Oz (1939)": 320.324478,
  "Captain Fantastic (2016)": 316.515365,
  "Hidden Figures (2016)": 312.512782,
  "Wo hu cang long (2000)": 312.493648,
  "Forushande (2016)": 312.49087,
  "Misery (1990)": 312.485485,
  "The Game (1997)": 312.452427,
  "The Fugitive (1993)": 312.449607,
  "Ed Wood (1994)": 312.435999,
  "To Have and Have Not (1944)": 312.347064,
  "Crash (2004)": 308.520978,
  "Kung fu (2004)": 308.485554,
  "The Taking of Pelham One Two Three (1974)": 308.430493,
  "Enter the Dragon (1973)": 308.423499,
  "Le dîner de cons (1998)": 308.403833,
  "Serpico (1973)": 308.388774,
  "Home Alone (1990)": 304.484666,
  "The 39 Steps (1935)": 304.283635,
  "Deadpool (2016)": 0.883309,
  "Zootopia (2016)": 0.882859,
  "Toy Story 3 (2010)": 0.862994,
  "Ratatouille (2007)": 0.860781,
  "Toy Story 4 (2019)": 0.859748,
  "The Gentlemen (2019)": 0.858635,
  "Arrival (2016)": 0.857986,
  "Baby Driver (2017)": 0.857874,
  "Deadpool 2 (2018)": 0.854257,
  "Wind River (2017)": 0.853451,
  "Lion (2016)": 0.851161,
  "The Bourne Ultimatum (2007)": 0.849485,
  "Before Midnight (2013)": 0.847567,
  "Ex Machina (2014)": 0.847246,
  "Inside Out (2015)": 0.845795,
  "Isle of Dogs (2018)": 0.845438,
  "The Wrestler (2008)": 0.844183,
  "The Grand Budapest Hotel (2014)": 0.842365,
  "Ôkami kodomo no Ame to Yuki (2012)": 0.841969,
  "Children of Men (2006)": 0.841627,
  "How to Train Your Dragon (2010)": 0.839305,
  "The Bourne Supremacy (2004)": 0.83749,
  "Yip Man (2008)": 0.837445,
  "La vita è bella (1997)": 0.836702,
  "Jojo Rabbit (2019)": 0.836018,
  "Searching (2018)": 0.834933,
  "Kokuhaku (2010)": 0.834207,
  "The Illusionist (2006)": 0.833459,
  "Nebraska (2013)": 0.833211,
  "Pan's Labyrinth (2006)": 0.833041,
  "Green Book (2018)": 0.831535,
  "Badhaai ho (2018)": 0.831254,
  "Me and Earl and the Dying Girl (2015)": 0.830985,
  "Argo (2012)": 0.830656,
  "Hell or High Water (2016)": 0.830402,
  "Gifted (2017)": 0.829203,
  "La La Land (2016)": 0.828943,
  "Tangled (2010)": 0.828723,
  "Hunt for the Wilderpeople (2016)": 0.827482,
  "Snatch (2000)": 0.827188,
  "Silver Linings Playbook (2012)": 0.824443,
  "The Royal Tenenbaums (2001)": 0.823534,
  "Kick-Ass (2010)": 0.823342,
  "Manbiki kazoku (2018)": 0.822968,
  "Capharnaüm (2018)": 0.822954,
  "Drive (2011)": 0.822431,
  "The Butterfly Effect (2004)": 0.822412,
  "The Silence of the Lambs (1991)": 0.822369,
  "Hable con ella (2002)": 0.819354,
  "Gone Baby Gone (2007)": 0.818939,
  "Billy Elliot (2000)": 0.818855,
  "Ocean's Eleven (2001)": 0.818636,
  "Bohemian Rhapsody (2018)": 0.818314,
  "Little Miss Sunshine (2006)": 0.817414,
  "The Theory of Everything (2014)": 0.816744,
  "50/50 (2011)": 0.814421,
  "Philomena (2013)": 0.813721,
  "4 luni, 3 saptamâni si 2 zile (2007)": 0.813316,
  "Hotel Rwanda (2004)": 0.811869,
  "The Prestige (2006)": 0.811539,
  "Hauru no ugoku shiro (2004)": 0.81019,
  "Saw (2004)": 0.810165,
  "Airlift (2016)": 0.808493,
  "The Big Lebowski (1998)": 0.807433,
  "The Visitor (2007)": 0.807366,
  "Lost in Translation (2003)": 0.807128,
  "Hot Fuzz (2007)": 0.807044,
  "Omoide no Mânî (2014)": 0.806801,
  "Loving Vincent (2017)": 0.806738,
  "Atonement (2007)": 0.806618,
  "3:10 to Yuma (2007)": 0.80599,
  "Star Wars: Episode VII - The Force Awakens (2015)": 0.80581,
  "Little Women (2019)": 0.804655,
  "The Fall (2006)": 0.803683,
  "Seven Pounds (2008)": 0.803304,
  "The Notebook (2004)": 0.802845,
  "I, Daniel Blake (2016)": 0.802675,
  "Serbuan maut (2011)": 0.801857,
  "Mary and Max (2009)": 0.801826,
  "The Others (2001)": 0.800975,
  "Shaun of the Dead (2004)": 0.799857,
  "Eastern Promises (2007)": 0.7997,
  "Gattaca (1997)": 0.799515,
  "Sherlock Holmes (2009)": 0.798633,
  "Short Term 12 (2013)": 0.79744,
  "Toki o kakeru shôjo (2006)": 0.796683,
  "A Star Is Born (2018)": 0.796276,
  "X: First Class (2011)": 0.79581,
  "Taken (2008)": 0.795597,
  "OMG: Oh My God! (2012)": 0.795403,
  "Kaze tachinu (2013)": 0.795349,
  "Edward Scissorhands (1990)": 0.794878,
  "El secreto de sus ojos (2009)": 0.79431,
  "Training Day (2001)": 0.794299,
  "Hacksaw Ridge (2016)": 0.794061,
  "Almost Famous (2000)": 0.793698,
  "Song of the Sea (2014)": 0.793629,
  "Creed (2015)": 0.793242,
  "V for Vendetta (2005)": 0.793219,
  "Hævnen (2010)": 0.79228,
  "Festen (1998)": 0.792277,
  "The Lion King (1994)": 0.792034,
  "Cidade de Deus (2002)": 0.791866,
  "Lord of War (2005)": 0.791438,
  "Kari-gurashi no Arietti (2010)": 0.789679,
  "Million Dollar Baby (2004)": 0.78941,
  "The Terminator (1984)": 0.787806,
  "The Boy in the Striped Pyjamas (2008)": 0.787439,
  "Todo sobre mi madre (1999)": 0.786366,
  "Uri: The Surgical Strike (2018)": 0.785666,
  "The Thing (1982)": 0.785604,
  "Manchester by the Sea (2016)": 0.78557,
  "Alien (1979)": 0.78513,
  "Death Note: Desu nôto (2006)": 0.784683,
  "Fa yeung nin wah (2000)": 0.783715,
  "The Goonies (1985)": 0.782607,
  "The Sandlot (1993)": 0.782005,
  "Crimes and Misdemeanors (1989)": 0.781311,
  "C.R.A.Z.Y. (2005)": 0.781302,
  "Spoorloos (1988)": 0.780826,
  "The Machinist (2004)": 0.779513,
  "True Romance (1993)": 0.778957,
  "Fantastic Mr. Fox (2009)": 0.778948,
  "Nelyubov (2017)": 0.77776,
  "Synecdoche, New York (2008)": 0.777632,
  "Batman Begins (2005)": 0.777033,
  "Star Trek II: The Wrath of Khan (1982)": 0.776274,
  "Tropa de Elite (2007)": 0.775075,
  "Eskiya (1996)": 0.774873,
  "Pink (2016)": 0.774076,
  "Blade Runner (1982)": 0.773915,
  "Marriage Story (2019)": 0.773683,
  "Do lok tin si (1995)": 0.773493,
  "Le passé (2013)": 0.773438,
  "Trainspotting (1996)": 0.772245,
  "Warrior (2011)": 0.771585,
  "The Count of Monte Cristo (2002)": 0.77117,
  "Unforgiven (1992)": 0.770887,
  "Barton Fink (1991)": 0.770178,
  "Miller's Crossing (1990)": 0.769405,
  "Kramer vs. Kramer (1979)": 0.769292,
  "Twelve Monkeys (1995)": 0.768882,
  "Butch Cassidy and the Sundance Kid (1969)": 0.768207,
  "Vicky Donor (2012)": 0.768083,
  "Kill Bill: Vol. 2 (2004)": 0.76738,
  "Young Frankenstein (1974)": 0.766876,
  "Dazed and Confused (1993)": 0.766838,
  "The Princess Bride (1987)": 0.766361,
  "Philadelphia (1993)": 0.766317,
  "The Boondock Saints (1999)": 0.765478,
  "Dead Poets Society (1989)": 0.765353,
  "Terminator 2: Judgment Day (1991)": 0.764629,
  "Mandariinid (2013)": 0.764318,
  "Flipped (2010)": 0.764294,
  "A Little Princess (1995)": 0.762241,
  "Hana-bi (1997)": 0.761722,
  "Once (2007)": 0.76138,
  "Kaguyahime no monogatari (2013)": 0.761342,
  "The King of Comedy (1982)": 0.761208,
  "Mystic River (2003)": 0.76024,
  "Rocky (1976)": 0.759863,
  "Star Wars: Episode VI - Return of the Jedi (1983)": 0.758569,
  "Mulan (1998)": 0.75645,
  "Apocalypto (2006)": 0.756228,
  "Das Experiment (2001)": 0.754572,
  "Die Hard (1988)": 0.753927,
  "Tenkû no shiro Rapyuta (1986)": 0.752064,
  "In the Name of the Father (1993)": 0.750121,
  "Bacheha-Ye aseman (1997)": 0.749773,
  "Lat sau san taam (1992)": 0.74935,
  "Crna macka, beli macor (1998)": 0.748999,
  "Kaze no tani no Naushika (1984)": 0.748222,
  "Beauty and the Beast (1991)": 0.748113,
  "La double vie de Véronique (1991)": 0.748016,
  "Dead Man (1995)": 0.747777,
  "Sling Blade (1996)": 0.747107,
  "Un long dimanche de fiançailles (2004)": 0.746146,
  "The Elephant Man (1980)": 0.744778,
  "Delicatessen (1991)": 0.742228,
  "All That Jazz (1979)": 0.741791,
  "Deliverance (1972)": 0.740933,