{
  "base_attrition_rate": 0.13435374149659865,
  "overtime_attrition_rate": {
    "Yes": 0.2558139534883721,
    "No": 0.08413461538461539
  },
  "age_group_attrition_rate": {
    "18-25": 0.3,
    "26-35": 0.17131474103585656,
    "36-45": 0.055865921787709494,
    "46-55": 0.10416666666666667,
    "55+": 0.18181818181818182
  },
  "salary_slab_attrition_rate": {
    "10k-15k": 0.06666666666666667,
    "15k+": 0.04838709677419355,
    "5k-10k": 0.10326086956521739,
    "Upto 5k": 0.1879432624113475
  },
  "department_attrition_rate": {
    "Human Resources": 0.109375,
    "Research & Development": 0.13366336633663367,
    "Sales": 0.15979381443298968
  }
}