{"threshold": 0.15141189668174967, "alert_budget_share": 0.5203619909502262, "total_records": 1768, "alerts_emitted": 920, "graduate_ratio": 0.4796380090497738, "mean_risk_score": 0.24490068598215683}