{
  "accuracy": 0.748587570621469,
  "f1_macro": 0.6724265797827429,
  "classification_report": {
    "Graduate": {
      "precision": 0.8097826086956522,
      "recall": 0.8563218390804598,
      "f1-score": 0.8324022346368715,
      "support": 174.0
    },
    "Enrolled": {
      "precision": 0.5238095238095238,
      "recall": 0.3384615384615385,
      "f1-score": 0.411214953271028,
      "support": 65.0
    },
    "Dropout": {
      "precision": 0.734375,
      "recall": 0.8173913043478261,
      "f1-score": 0.7736625514403292,
      "support": 115.0
    },
    "accuracy": 0.748587570621469,
    "macro avg": {
      "precision": 0.6893223775017253,
      "recall": 0.6707248939632748,
      "f1-score": 0.6724265797827429,
      "support": 354.0
    },
    "weighted avg": {
      "precision": 0.7327766044086512,
      "recall": 0.748587570621469,
      "f1-score": 0.7359834864550009,
      "support": 354.0
    }
  }
}