{"threshold": 0.15013644419306185, "alert_budget_share": 0.5311085972850679, "total_records": 1768, "alerts_emitted": 939, "graduate_ratio": 0.4688914027149321, "mean_risk_score": 0.24490068598215683}