{
  "sleep_duration_quality": {
    "pearson_corr": 0.8952518458117777,
    "short_sleep_mean_quality": 5.0,
    "long_sleep_mean_quality": 9.0
  },
  "steps_vs_pa": {
    "pearson_corr": 0.13795224250941282,
    "spearman_corr": 0.3703394889509614,
    "top_pa_mean_steps": 7336.923076923077,
    "bottom_pa_mean_steps": 6180.0,
    "pa60_prop_steps7000": 0.7333333333333333
  },
  "sleep_disorder_distribution": {
    "prop_non_null": 0.41333333333333333,
    "p_insomnia_within_non_null": 0.4838709677419355,
    "p_apnea_within_non_null": 0.5161290322580645
  },
  "heart_rate": {
    "midband_prop_50_100": 1.0
  }
}