{
  "accuracy": 0.7457627118644068,
  "f1_macro": 0.6697866282811331,
  "classification_report": {
    "Graduate": {
      "precision": 0.8131868131868132,
      "recall": 0.8505747126436781,
      "f1-score": 0.8314606741573034,
      "support": 174.0
    },
    "Enrolled": {
      "precision": 0.5116279069767442,
      "recall": 0.3384615384615385,
      "f1-score": 0.4074074074074074,
      "support": 65.0
    },
    "Dropout": {
      "precision": 0.7286821705426356,
      "recall": 0.8173913043478261,
      "f1-score": 0.7704918032786885,
      "support": 115.0
    },
    "accuracy": 0.7457627118644068,
    "macro avg": {
      "precision": 0.6844989635687311,
      "recall": 0.6688091851510142,
      "f1-score": 0.6697866282811331,
      "support": 354.0
    },
    "weighted avg": {
      "precision": 0.7303637544079009,
      "recall": 0.7457627118644068,
      "f1-score": 0.7337915145816425,
      "support": 354.0
    }
  }
}