Department,Headcount,MeritPool,AvgMeritPct,Promotions
Human Resources,27,16879.66,0.09869942554924406,1
Research & Development,365,229846.45,0.10372155630475945,28
Sales,196,131518.47,0.09867921618067185,20
