{"n_rows": 1856, "share_first_choice": 0.6751077586206896, "day_share_1": 0.9024784482758621, "dropout_prior": 0.32273706896551724}