{
  "base_yes_rate": 0.1344,
  "alert_share_target": 0.2687074829931973,
  "threshold": 0.6470781341270014,
  "alerts_count": 158
}