{"total_input_rows": 420, "eligible_rows": 416, "gross_non_null_ratio": 0.8333333333333334, "score_min": 0.4788994253023319, "score_max": 0.8270394926973994}