{
  "accuracy": 0.739247311827957,
  "f1_macro": 0.6654130547231328,
  "classification_report": {
    "Graduate": {
      "precision": 0.7871287128712872,
      "recall": 0.8688524590163934,
      "f1-score": 0.825974025974026,
      "support": 183.0
    },
    "Enrolled": {
      "precision": 0.4897959183673469,
      "recall": 0.34782608695652173,
      "f1-score": 0.4067796610169492,
      "support": 69.0
    },
    "Dropout": {
      "precision": 0.7603305785123967,
      "recall": 0.7666666666666667,
      "f1-score": 0.7634854771784232,
      "support": 120.0
    },
    "accuracy": 0.739247311827957,
    "macro avg": {
      "precision": 0.6790850699170102,
      "recall": 0.6611150708798607,
      "f1-score": 0.6654130547231328,
      "support": 372.0
    },
    "weighted avg": {
      "precision": 0.7233337157104303,
      "recall": 0.739247311827957,
      "f1-score": 0.7280626360882447,
      "support": 372.0
    }
  }
}