{
  "num_records": 1768,
  "pct_paid_up": 0.870475113122172,
  "pct_debtor": 0.10690045248868778,
  "pct_domestic": 0.9722850678733032,
  "avg_risk_score": 0.2713814132684504,
  "high_risk_count": 183,
  "medium_risk_count": 332,
  "low_risk_count": 1253
}