{
    "?": 0.14840085287846483,
    "A": 0.04783298097251586,
    "B": 0.09915323682054084,
    "C": 0.13723997970573312,
    "D": 0.5917256396298313,
    "E": 0.6368286445012787,
    "F": 0.5454545454545454,
    "G": 0.6666666666666666
}