{"threshold": 0.1541666666666667, "alert_budget_share": 0.5102370689655172, "total_records": 1856, "alerts_emitted": 948, "graduate_ratio": 0.48976293103448276, "mean_risk_score": 0.2452619553596079}