{"n_rows": 1856, "share_first_choice": 0.6799568965517241, "day_share_1": 0.8987068965517241, "dropout_prior": 0.3232758620689655}