{
  "num_records": 1768,
  "pct_paid_up": 0.8444570135746606,
  "pct_debtor": 0.10180995475113122,
  "pct_domestic": 0.9722850678733032,
  "avg_risk_score": 0.2697349369231046,
  "high_risk_count": 179,
  "medium_risk_count": 331,
  "low_risk_count": 1258
}