loan_intent,total_loans,total_defaults,default_rate
HOMEIMPROVEMENT,2431,400.0,0.16454134101192924
EDUCATION,4904,751.0,0.15314029363784665
PERSONAL,4010,610.0,0.15211970074812967
MEDICAL,4451,647.0,0.1453605931251404
VENTURE,4059,586.0,0.14437053461443705
DEBTCONSOLIDATION,3603,518.0,0.1437690813211213
