{
  "correlations": {
    "pearson_steps_pal": 0.7296706933593359,
    "spearman_steps_pal": 0.7572557661081558,
    "pearson_duration_quality": 0.8997303673081966,
    "spearman_duration_quality": 0.9014157067600499,
    "spearman_stress_quality": -0.885327125997597
  },
  "label_prevalence": {
    "share_labeled": 0.41333333333333333,
    "apnea_share_among_labeled": 0.5161290322580645,
    "prior_apnea": 0.21333333333333332,
    "prior_insomnia": 0.2
  },
  "triage_thresholds": {
    "apnea": 0.29800000000000004,
    "insomnia": NaN
  }
}