person_home_ownership,total_loans,approval_rate
MORTGAGE,9912,0.8901331719128329
OTHER,32,0.875
OWN,1248,0.8461538461538461
RENT,12266,0.8184412196315017
