{"threshold": 0.15019880750377074, "alert_budget_share": 0.5305429864253394, "total_records": 1768, "alerts_emitted": 938, "graduate_ratio": 0.46945701357466063, "mean_risk_score": 0.24490068598215683}