{
    "A": 0.04963694798238305,
    "B": 0.0986469864698647,
    "C": 0.1367151956323931,
    "D": 0.59375,
    "E": 0.6420047732696897,
    "F": 0.5576923076923077,
    "G": 0.75
}