loan_intent,total_loans,default_rate
HOMEIMPROVEMENT,2431,0.16454134101192924
VENTURE,4059,0.14437053461443705
PERSONAL,4010,0.15211970074812967
MEDICAL,4451,0.1453605931251404
DEBTCONSOLIDATION,3603,0.1437690813211213
EDUCATION,4904,0.15314029363784665
