{
  "num_records": 1768,
  "pct_paid_up": 0.8461538461538461,
  "pct_debtor": 0.10237556561085973,
  "pct_domestic": 0.9722850678733032,
  "avg_risk_score": 0.26934521417342777,
  "high_risk_count": 178,
  "medium_risk_count": 330,
  "low_risk_count": 1260
}