{"total_input_rows": 400, "eligible_rows": 396, "gross_non_null_ratio": 0.835, "score_min": 0.4788994253023319, "score_max": 1.2276531183092996}