{
  "num_records": 1856,
  "pct_paid_up": 0.8728448275862069,
  "pct_debtor": 0.10829741379310345,
  "pct_domestic": 0.9730603448275862,
  "avg_risk_score": 0.27216731608214495,
  "high_risk_count": 194,
  "medium_risk_count": 352,
  "low_risk_count": 1310
}