{"threshold": 0.1541666666666667, "alert_budget_share": 0.5070043103448276, "total_records": 1856, "alerts_emitted": 941, "graduate_ratio": 0.49299568965517243, "mean_risk_score": 0.24335158181462055}