Department,Headcount,MeritPool,AvgMeritPct,Promotions
Human Resources,27,16848.350000000002,0.09860631828488972,1
Research & Development,365,230624.31,0.1037919143139602,29
Sales,196,131670.83,0.09938162322543219,22
