{
  "num_records": 1856,
  "pct_paid_up": 0.8744612068965517,
  "pct_debtor": 0.10398706896551724,
  "pct_domestic": 0.9725215517241379,
  "avg_risk_score": 0.2690528806967762,
  "high_risk_count": 187,
  "medium_risk_count": 347,
  "low_risk_count": 1322
}