{
  "Jojo Rabbit (2019)": 0.743333,
  "Deadpool (2016)": 0.74019,
  "Zootopia (2016)": 0.74019,
  "Contratiempo (2016)": 0.73819,
  "The Gentlemen (2019)": 0.736333,
  "Before Midnight (2013)": 0.732048,
  "The Imitation Game (2014)": 0.729429,
  "Wind River (2017)": 0.727571,
  "Arrival (2016)": 0.72419,
  "Baby Driver (2017)": 0.723571,
  "Ex Machina (2014)": 0.723429,
  "Lion (2016)": 0.72219,
  "Ratatouille (2007)": 0.721762,
  "The Wrestler (2008)": 0.720143,
  "Isle of Dogs (2018)": 0.719952,
  "Ôkami kodomo no Ame to Yuki (2012)": 0.719667,
  "Capharnaüm (2018)": 0.718952,
  "Toy Story 3 (2010)": 0.718905,
  "Le scaphandre et le papillon (2007)": 0.718762,
  "Captain Fantastic (2016)": 0.71819,
  "Me and Earl and the Dying Girl (2015)": 0.71681,
  "Children of Men (2006)": 0.715381,
  "Toy Story 4 (2019)": 0.715333,
  "Hunt for the Wilderpeople (2016)": 0.71519,
  "Yip Man (2008)": 0.715143,
  "Manbiki kazoku (2018)": 0.713952,
  "The Grand Budapest Hotel (2014)": 0.712429,
  "I, Daniel Blake (2016)": 0.71219,
  "Nebraska (2013)": 0.712048,
  "Deadpool 2 (2018)": 0.711952,
  "Kokuhaku (2010)": 0.711905,
  "4 luni, 3 saptamâni si 2 zile (2007)": 0.711762,
  "Searching (2018)": 0.710952,
  "Vizontele (2001)": 0.710476,
  "The Bourne Ultimatum (2007)": 0.709762,
  "Tropa de Elite (2007)": 0.709762,
  "Badhaai ho (2018)": 0.708952,
  "Omoide no Mânî (2014)": 0.708429,
  "La vita è bella (1997)": 0.706952,
  "Pan's Labyrinth (2006)": 0.706381,
  "The Illusionist (2006)": 0.706381,
  "Hell or High Water (2016)": 0.70619,
  "Gifted (2017)": 0.705571,
  "Hable con ella (2002)": 0.702857,
  "Inside Out (2015)": 0.70281,
  "Snatch (2000)": 0.702095,
  "How to Train Your Dragon (2010)": 0.699905,
  "The Bourne Supremacy (2004)": 0.699619,
  "Crash (2004)": 0.699619,
  "Green Book (2018)": 0.698952,
  "Hauru no ugoku shiro (2004)": 0.698619,
  "The Fall (2006)": 0.697381,
  "Short Term 12 (2013)": 0.697048,
  "Gone Baby Gone (2007)": 0.696762,
  "Drive (2011)": 0.696286,
  "Forushande (2016)": 0.69619,
  "Billy Elliot (2000)": 0.696095,
  "OMG: Oh My God! (2012)": 0.695667,
  "Kick-Ass (2010)": 0.694905,
  "Argo (2012)": 0.694667,
  "The Royal Tenenbaums (2001)": 0.694476,
  "Song of the Sea (2014)": 0.694429,
  "The Butterfly Effect (2004)": 0.692619,
  "Loving Vincent (2017)": 0.692571,
  "La La Land (2016)": 0.69219,
  "Hævnen (2010)": 0.691905,
  "The Boondock Saints (1999)": 0.691714,
  "Serbuan maut (2011)": 0.691286,
  "The Visitor (2007)": 0.690762,
  "The Theory of Everything (2014)": 0.690429,
  "Tangled (2010)": 0.689905,
  "Silver Linings Playbook (2012)": 0.688667,
  "Hotel Rwanda (2004)": 0.688619,
  "Festen (1998)": 0.688333,
  "50/50 (2011)": 0.688286,
  "Little Miss Sunshine (2006)": 0.687381,
  "Hidden Figures (2016)": 0.68719,
  "Philomena (2013)": 0.687048,
  "The Silence of the Lambs (1991)": 0.686667,
  "The Big Lebowski (1998)": 0.686333,
  "Airlift (2016)": 0.68619,
  "Hot Fuzz (2007)": 0.683762,
  "Kaze tachinu (2013)": 0.683048,
  "The Prestige (2006)": 0.682381,
  "Nelyubov (2017)": 0.681571,
  "Gattaca (1997)": 0.680952,
  "Vicky Donor (2012)": 0.680667,
  "Shaun of the Dead (2004)": 0.680619,
  "Saw (2004)": 0.680619,
  "El secreto de sus ojos (2009)": 0.680524,
  "Ocean's Eleven (2001)": 0.680476,
  "Mary and Max (2009)": 0.679524,
  "Lost in Translation (2003)": 0.679238,
  "Bohemian Rhapsody (2018)": 0.678952,
  "Eastern Promises (2007)": 0.678762,
  "The Machinist (2004)": 0.678619,
  "Mandariinid (2013)": 0.678048,
  "Atonement (2007)": 0.677762,
  "Cidade de Deus (2002)": 0.676857,
  "3:10 to Yuma (2007)": 0.676762,
  "Fa yeung nin wah (2000)": 0.676095,
  "Andhadhun (2018)": 0.675952,
  "Uri: The Surgical Strike (2018)": 0.674952,
  "Toki o kakeru shôjo (2006)": 0.674381,
  "Kung fu (2004)": 0.672619,
  "Pink (2016)": 0.67219,
  "Seven Pounds (2008)": 0.672143,
  "Hana-bi (1997)": 0.671952,
  "The Boy in the Striped Pyjamas (2008)": 0.671143,
  "12 Years a Slave (2013)": 0.671048,
  "Le passé (2013)": 0.671048,
  "Todo sobre mi madre (1999)": 0.670714,
  "The Notebook (2004)": 0.670619,
  "Little Women (2019)": 0.670333,
  "Wo hu cang long (2000)": 0.670095,
  "Synecdoche, New York (2008)": 0.669143,
  "Das Experiment (2001)": 0.668476,
  "Marriage Story (2019)": 0.668333,
  "Almost Famous (2000)": 0.668095,
  "Lord of War (2005)": 0.668,
  "Kari-gurashi no Arietti (2010)": 0.667905,
  "Udaan (2010)": 0.667905,
  "The Others (2001)": 0.667476,
  "Misery (1990)": 0.667286,
  "The Thing (1982)": 0.666238,
  "Edward Scissorhands (1990)": 0.665286,
  "Adams æbler (2005)": 0.664,
  "Raiders of the Lost Ark (1981)": 0.663857,
  "Hacksaw Ridge (2016)": 0.66319,
  "Training Day (2001)": 0.662476,
  "Death Note: Desu nôto (2006)": 0.662381,
  "V for Vendetta (2005)": 0.662,
  "The Terminator (1984)": 0.661,
  "True Romance (1993)": 0.660429,
  "Crimes and Misdemeanors (1989)": 0.659905,
  "Flipped (2010)": 0.659905,
  "Sherlock Holmes (2009)": 0.659524,
  "X: First Class (2011)": 0.659286,
  "Taken (2008)": 0.659143,
  "C.R.A.Z.Y. (2005)": 0.659,
  "Creed (2015)": 0.65881,
  "Spoorloos (1988)": 0.658524,
  "Kaguyahime no monogatari (2013)": 0.658048,
  "Miller's Crossing (1990)": 0.657286,
  "Manchester by the Sea (2016)": 0.65719,
  "A Star Is Born (2018)": 0.656952,
  "Barton Fink (1991)": 0.656667,
  "Fantastic Mr. Fox (2009)": 0.656524,
  "The Sandlot (1993)": 0.656429,
  "Crna macka, beli macor (1998)": 0.656333,
  "Shutter Island (2010)": 0.655905,
  "Star Wars: Episode VII - The Force Awakens (2015)": 0.65581,
  "Million Dollar Baby (2004)": 0.655619,
  "The King of Comedy (1982)": 0.654238,
  "Alien (1979)": 0.653095,
  "Kaze no tani no Naushika (1984)": 0.653,
  "Eskiya (1996)": 0.652571,
  "The Goonies (1985)": 0.652381,
  "Warrior (2011)": 0.652286,
  "Trainspotting (1996)": 0.651571,
  "Dazed and Confused (1993)": 0.651429,
  "Do lok tin si (1995)": 0.65119,
  "Bacheha-Ye aseman (1997)": 0.649952,
  "Blade Runner (1982)": 0.648238,
  "The Lion King (1994)": 0.64781,
  "Home Alone (1990)": 0.647286,
  "Tôkyô goddofâzâzu (2003)": 0.647238,
  "Dead Man (1995)": 0.64719,
  "A Little Princess (1995)": 0.64519,
  "Mononoke-hime (1997)": 0.644952,
  "Once (2007)": 0.644762,
  "Star Trek II: The Wrath of Khan (1982)": 0.644238,
  "Zerkalo (1975)": 0.643571,
  "La double vie de Véronique (1991)": 0.642667,
  "The Count of Monte Cristo (2002)": 0.641857,
  "Dead Man's Shoes (2004)": 0.641619,
  "The Princess Bride (1987)": 0.641143,
  "Boksuneun naui geot (2002)": 0.639857,
  "Twelve Monkeys (1995)": 0.63919,
  "Batman Begins (2005)": 0.638,
  "Delicatessen (1991)": 0.637667,
  "Akira (1988)": 0.637524,
  "Unforgiven (1992)": 0.637048,
  "Jab We Met (2007)": 0.636762,
  "Kill Bill: Vol. 2 (2004)": 0.636619,
  "The Game (1997)": 0.635952,
  "Kramer vs. Kramer (1979)": 0.635095,
  "Ed Wood (1994)": 0.63481,
  "Philadelphia (1993)": 0.634429,
  "Butch Cassidy and the Sundance Kid (1969)": 0.634286,
  "Young Frankenstein (1974)": 0.63419,
  "Un long dimanche de fiançailles (2004)": 0.632619,
  "Knockin' on Heaven's Door (1997)": 0.631952,
  "Dead Poets Society (1989)": 0.631905,
  "Tenkû no shiro Rapyuta (1986)": 0.629762,
  "The Conversation (1974)": 0.62919,
  "Il conformista (1970)": 0.627667,
  "Apocalypto (2006)": 0.627381,
  "Mystic River (2003)": 0.627238,
  "Lat sau san taam (1992)": 0.627048,
  "In the Name of the Father (1993)": 0.626429,
  "Deliverance (1972)": 0.626429,
  "Terminator 2: Judgment Day (1991)": 0.625667,
  "Rocky (1976)": 0.624952,
  "Sling Blade (1996)": 0.623571,
  "The Fugitive (1993)": 0.623429,
  "Der Himmel über Berlin (1987)": 0.623143,
  "The Elephant Man (1980)": 0.622476,
  "The Long Goodbye (1973)": 0.62181,
  "Die Hard (1988)": 0.621524,
  "Mulan (1998)": 0.621333,
  "La Vie En Rose (2007)": 0.618762,
  "Le samouraï (1967)": 0.618524,
  "Dancer in the Dark (2000)": 0.618095,
  "Naked (1993)": 0.617429,
  "Star Wars: Episode VI - Return of the Jedi (1983)": 0.616619,