{
  "accuracy": 0.7429378531073446,
  "f1_macro": 0.6642350021769715,
  "classification_report": {
    "Graduate": {
      "precision": 0.8087431693989071,
      "recall": 0.8505747126436781,
      "f1-score": 0.8291316526610645,
      "support": 174.0
    },
    "Enrolled": {
      "precision": 0.5121951219512195,
      "recall": 0.3230769230769231,
      "f1-score": 0.39622641509433965,
      "support": 65.0
    },
    "Dropout": {
      "precision": 0.7230769230769231,
      "recall": 0.8173913043478261,
      "f1-score": 0.7673469387755102,
      "support": 115.0
    },
    "accuracy": 0.7429378531073446,
    "macro avg": {
      "precision": 0.6813384048090166,
      "recall": 0.6636809800228091,
      "f1-score": 0.6642350021769715,
      "support": 354.0
    },
    "weighted avg": {
      "precision": 0.7264628264296193,
      "recall": 0.7429378531073446,
      "f1-score": 0.7295720974670648,
      "support": 354.0
    }
  }
}