{
    "A": 0.04917382683410443,
    "B": 0.09864735619620167,
    "C": 0.13542987572914025,
    "D": 0.5876956287101996,
    "E": 0.6356382978723404,
    "F": 0.5777777777777777,
    "G": 0.75,
    "missing": 0.15010660980810234
}