Department,Headcount,MeritPool,AvgMeritPct,Promotions
Human Resources,27,16863.100000000002,0.09865016952456201,1
Research & Development,365,227855.43,0.10209794982920518,25
Sales,196,130257.28,0.09820721465944557,20
