{
  "num_records": 1768,
  "pct_paid_up": 0.8659502262443439,
  "pct_debtor": 0.10690045248868778,
  "pct_domestic": 0.9722850678733032,
  "avg_risk_score": 0.27214498792908387,
  "high_risk_count": 183,
  "medium_risk_count": 335,
  "low_risk_count": 1250
}