{
  "accuracy": 0.751412429378531,
  "f1_macro": 0.6706424661480841,
  "classification_report": {
    "Graduate": {
      "precision": 0.8241758241758241,
      "recall": 0.8620689655172413,
      "f1-score": 0.8426966292134831,
      "support": 174.0
    },
    "Enrolled": {
      "precision": 0.525,
      "recall": 0.3230769230769231,
      "f1-score": 0.4,
      "support": 65.0
    },
    "Dropout": {
      "precision": 0.7196969696969697,
      "recall": 0.8260869565217391,
      "f1-score": 0.7692307692307693,
      "support": 115.0
    },
    "accuracy": 0.751412429378531,
    "macro avg": {
      "precision": 0.6896242646242646,
      "recall": 0.6704109483719679,
      "f1-score": 0.6706424661480841,
      "support": 354.0
    },
    "weighted avg": {
      "precision": 0.735301539326963,
      "recall": 0.751412429378531,
      "f1-score": 0.7375444970188829,
      "support": 354.0
    }
  }
}