{
  "accuracy": 0.7429378531073446,
  "f1_macro": 0.6598131076329903,
  "classification_report": {
    "Graduate": {
      "precision": 0.8142076502732241,
      "recall": 0.8563218390804598,
      "f1-score": 0.834733893557423,
      "support": 174.0
    },
    "Enrolled": {
      "precision": 0.4878048780487805,
      "recall": 0.3076923076923077,
      "f1-score": 0.37735849056603776,
      "support": 65.0
    },
    "Dropout": {
      "precision": 0.7230769230769231,
      "recall": 0.8173913043478261,
      "f1-score": 0.7673469387755102,
      "support": 115.0
    },
    "accuracy": 0.7429378531073446,
    "macro avg": {
      "precision": 0.6750298171329758,
      "recall": 0.6604684837068646,
      "f1-score": 0.6598131076329903,
      "support": 354.0
    },
    "weighted avg": {
      "precision": 0.7246703230919714,
      "recall": 0.7429378531073446,
      "f1-score": 0.7288612918784401,
      "support": 354.0
    }
  }
}