{
  "num_records": 1768,
  "pct_paid_up": 0.7856334841628959,
  "pct_debtor": 0.10690045248868778,
  "pct_domestic": 0.9722850678733032,
  "avg_risk_score": 0.267563539965283,
  "high_risk_count": 173,
  "medium_risk_count": 335,
  "low_risk_count": 1260
}