{
    "A": 0.049569251159708415,
    "B": 0.09880936088682085,
    "C": 0.136272040302267,
    "D": 0.5855227882037534,
    "E": 0.6370967741935484,
    "F": 0.5714285714285714,
    "G": 0.75
}