{"n_rows": 1768, "share_first_choice": 0.6776018099547512, "day_share_1": 0.9004524886877828, "dropout_prior": 0.3246606334841629}