Department,Headcount,MeritPool,AvgMeritPct,Promotions
Human Resources,192,124532.64,0.10320401470897252,22
Research & Development,202,131849.86,0.1010887204639905,16
Sales,194,123974.43,0.10228649308287598,14
