{"threshold": 0.15504237368024135, "alert_budget_share": 0.5084841628959276, "total_records": 1768, "alerts_emitted": 899, "graduate_ratio": 0.4915158371040724, "mean_risk_score": 0.24554514723984328}