{"overall_attrition_rate": 0.13435374149659865, "overtime_yes_proportion": 0.2925170068027211, "overtime_attrition_ratio": 3.040531561461794, "rd_share": 0.6207482993197279, "age_majority_share_26_45": 0.7312925170068028, "band_progression_index": 0.5966456937987652}