{
  "accuracy": 0.7473118279569892,
  "f1_macro": 0.6865626331930524,
  "classification_report": {
    "Graduate": {
      "precision": 0.8,
      "recall": 0.8571428571428571,
      "f1-score": 0.8275862068965517,
      "support": 182.0
    },
    "Enrolled": {
      "precision": 0.5178571428571429,
      "recall": 0.4142857142857143,
      "f1-score": 0.4603174603174603,
      "support": 70.0
    },
    "Dropout": {
      "precision": 0.768595041322314,
      "recall": 0.775,
      "f1-score": 0.7717842323651453,
      "support": 120.0
    },
    "accuracy": 0.7473118279569892,
    "macro avg": {
      "precision": 0.6954840613931523,
      "recall": 0.682142857142857,
      "f1-score": 0.6865626331930524,
      "support": 372.0
    },
    "weighted avg": {
      "precision": 0.736777970319026,
      "recall": 0.7473118279569892,
      "f1-score": 0.7404758595731507,
      "support": 372.0
    }
  }
}