{
  "num_records": 1768,
  "pct_paid_up": 0.8710407239819005,
  "pct_debtor": 0.10576923076923077,
  "pct_domestic": 0.9722850678733032,
  "avg_risk_score": 0.27112688838157256,
  "high_risk_count": 183,
  "medium_risk_count": 331,
  "low_risk_count": 1254
}